precursor_name,cnt,formula,smiles,type,mol_weight,logp,num_h_donors,num_h_acceptors,labute_asa,max_distance,length,width,height,TPSA
Zn(NO3)2,478,Zn(NO3)2,[Zn+2].[O-][N+](=O)[O-].[O-][N+](=O)[O-],MetalSource,189.398,-0.4807000000000001,0.0,6.0,61.0659640578746,2.4124263566508253,2.407322021218828,2.0159487080039864,0.15094799997636904,132.4
Cu(NO3)2,476,Cu(NO3)2,[Cu+2].[O-][N+](=O)[O-].[O-][N+](=O)[O-],MetalSource,187.554,-0.4807000000000001,0.0,6.0,58.7782562875305,2.3924458417877026,2.3735002845571413,2.0773168436799865,0.11356648435218042,132.4
CuCl2,311,CuCl2,[Cu+2].[Cl-].[Cl-],MetalSource,134.452,-5.9945,0.0,0.0,42.27028453722331,0.0,0.0,0.0,0.0,0.0
Cd(NO3)2,221,Cd(NO3)2,[Cd+2].[O-][N+](=O)[O-].[O-][N+](=O)[O-],MetalSource,236.42,-0.4807000000000001,0.0,6.0,68.46518758887136,2.462475064401273,2.4509241973004983,2.118578653465836,0.03641678407959938,132.4
MnCl2,193,MnCl2,[Mn+2].[Cl-].[Cl-],MetalSource,125.84400000000001,-5.9945,0.0,0.0,42.27028453722331,0.0,0.0,0.0,0.0,0.0
HNO3,187,HNO3,[N+](=O)(O)[O-],MetalSource,63.01200000000001,-0.34770000000000006,1.0,2.0,21.775556887606736,2.3801744728055367,2.3782289103033856,1.9803115166657994,0.026933146659146902,63.370000000000005
CoCl2,177,CoCl2,[Co+2].[Cl-].[Cl-],MetalSource,129.839,-5.9945,0.0,0.0,41.99469774646511,0.0,0.0,0.0,0.0,0.0
Cu(Ac)2,160,Cu(Ac)2,CC(=O)[O-].CC(=O)[O-].[Cu+2],MetalSource,181.634,-2.490099999999999,0.0,4.0,63.34704050124891,2.515413275259088,2.415913569381728,2.1379713490654653,1.1131866015083411,80.25999999999999
Cd(Ac)2,160,Cd(Ac)2,CC(=O)[O-].[Cd+2],MetalSource,171.45600000000002,-1.2463,0.0,2.0,50.34250056802753,2.489471436513074,2.4379433777152637,2.1637333641668146,0.1610867950436278,40.129999999999995
Zn(OAc)2,152,Zn(OAc)2,[Zn+2].[O-]C(=O)C.[O-]C(=O)C,MetalSource,183.47799999999998,-2.490099999999999,0.0,4.0,65.634748271593,2.5262322499656733,2.4665096359300898,2.2074660904417867,0.30732453034902973,80.25999999999999
Co(NO3)2 6H2O,148,Co(NO3)2·6H2O,O.O.O.O.O.O.O.O.O.O.[Co+2].[O-][N+](=O)[O-],MetalSource,301.087,-8.488599999999993,0.0,3.0,92.90312465321306,2.3801746025592916,2.378083160761971,1.981609217623316,0.03598754057929404,381.2
Cd(NO 3 )•4H 2 O,141,Cd(NO3)2·4H2O,O.O.O.O.O.[Cd+2].[O-][N+](=O)[O-],MetalSource,264.49100000000004,-4.365099999999999,0.0,3.0,75.4618756032402,2.3801743677515264,2.3659813253338466,2.0521175247735837,0.010893206843767943,223.7
Co(NO3)2,124,Co(NO3)2,N(=O)(=O)[O-].N(=O)(=O)[O-].[Co+2],MetalSource,182.941,-0.4807000000000002,0.0,6.0,58.50266949677231,2.40151909533433,2.037964422398704,2.39474352268853,0.004014772176684976,132.4
NiCl2,115,NiCl2,[Ni+2].[Cl-].[Cl-],MetalSource,129.599,-5.9945,0.0,0.0,41.72141688471463,0.0,0.0,0.0,0.0,0.0
ZnCl2,112,ZnCl2,[Zn+2].[Cl-].[Cl-],MetalSource,136.296,-5.9945,0.0,0.0,44.557992307567396,0.0,0.0,0.0,0.0,0.0
CdCl2,108,CdCl2,[Cd+2].[Cl-].[Cl-],MetalSource,183.318,-5.9945,0.0,0.0,51.957215838564146,0.0,0.0,0.0,0.0,0.0
Pb(NO3)2,86,Pb(NO3)2,[Pb+2].[O-][N+](=O)[O-].[O-][N+](=O)[O-],MetalSource,331.2080000000001,-0.8590000000000002,0.0,6.0,68.46518758887136,2.392922640799574,2.392685222763333,1.9617240558695612,0.011333675094141255,132.4
CuSO4,84,CuSO4,[O-]S(=O)(=O)[O-].[Cu+2],MetalSource,159.60899999999998,-1.3404999999999996,0.0,4.0,45.60180282394836,2.742570831679552,2.503170251286166,2.150108959824795,2.2632884429381823,80.25999999999999
Co(Ac)2·H2O,78,Co(CH3COO)2·H2O,CC(=O)[O-].CC(=O)[O-].O.[Co+2],MetalSource,195.03599999999997,-3.314799999999999,0.0,4.0,68.55220713890509,2.558434519363287,2.4289086894223852,2.2450506034586373,0.6251996646373641,111.75999999999999
Mn(ClO4)2,63,Mn(ClO4)2,O.Cl[Mn](=O)(=O)OCl,MetalSource,191.856,0.24580000000000007,0.0,3.0,51.01411030004363,3.9469990322622213,3.452087777650776,3.0093730884593817,2.440171810401223,74.87
Mn(Ac)2,57,Mn(Ac)2,CC(=O)[O-].[Mn+2],MetalSource,113.982,-1.2463,0.0,2.0,40.65556926668669,2.489471445755019,2.424539551929711,2.183977019809741,0.1257962645827264,40.129999999999995
NH4VO3,52,NH4VO3,[NH4+].[V](=O)([O-])[O-],MetalSource,116.97999999999999,-2.1231000000000004,1.0,3.0,34.5136514856695,3.15220066539424,2.979751538160506,3.0008873142621892,1.13988459008226,99.69
Ni(NO3)2,51,Ni(NO3)2,[Ni+2].[O-][N+](=O)[O-].[O-][N+](=O)[O-],MetalSource,182.701,-0.4807000000000001,0.0,6.0,58.229388635021834,2.41115095768524,2.3830718412288263,2.122121760601695,0.04225064218755695,132.4
CuI,51,CuI,[Cu+].[I-],MetalSource,190.45,-2.9985,0.0,0.0,41.107890448758326,0.0,0.0,0.0,0.0,0.0
CdCl2·2H2O,48,CdCl2·2H2O,O.O.O.O.[Cd+2].[Cl-].[Cl-],MetalSource,255.37800000000001,-9.293299999999997,0.0,0.0,73.88022955222165,0.0,0.0,0.0,0.0,126.0
PbCO3,47,PbCO3,O=C([O-])[O-].[Pb+2],MetalSource,267.20799999999997,-2.8278,0.0,3.0,48.77179220582694,2.4041515734543117,2.2058515518171036,2.261450197456278,0.3080072193191946,63.19
Eu(NO3)3 6H2O,43,Eu(NO3)3·6H2O,O.O.O.O.O.O.O.O.O.O.[Eu+3].[O-][N+](=O)[O-].[O-][N+](=O)[O-].[O-][N+](=O)[O-],MetalSource,518.1260000000002,-8.96429999999999,0.0,9.0,164.4380629548719,2.418260667511947,2.4014828225075173,2.0967130817830437,0.05689004678069496,513.5999999999999
CdSO4,39,CdSO4,O=S(=O)([O-])[O-].[Cd+2],MetalSource,208.475,-1.3404999999999996,0.0,4.0,55.288734125289196,2.7425708918093044,2.683993020771471,2.1999173962356116,2.4203610507731126,80.26
V2O5,38,V2O5,O=[V](=O)=O,MetalSource,98.94099999999999,-0.3589,0.0,3.0,26.852283889279605,3.1261315347725787,2.8774012789549652,3.057598788042247,0.49892322252931376,51.21
CoSO4 7H2O,38,CoSO4·7H2O,O.O.O.O.O.O.O.O.O.O.[Co+2].[O-]S(=O)(=O)[O-],MetalSource,335.146,-9.587499999999991,0.0,4.0,100.1337503173339,2.7425708830296593,2.591317264932179,2.1623942829132288,2.4023172538236324,395.26
Gd2O3,37,Gd2O3,O=[Gd]O[Gd]=O,MetalSource,362.497,-0.306,0.0,3.0,70.94934242184135,4.134757827463957,3.540674045974252,2.6897712297506216,1.331746787973002,43.370000000000005
Co(ClO4)2,37,Co(ClO4)2,[O-]Cl(=O)(=O)=O.[O-]Cl(=O)(=O)=O.[Co+2],MetalSource,257.831,-9.5145,0.0,8.0,74.97536009993806,2.9275054261786986,2.587916343251334,2.5020585875724355,2.791300293225732,184.48
Na2WO4 2H2O,36,Na2WO4·2H2O,O.O.[Na+].[Na+].[O-][W](=O)(=O)[O-],MetalSource,329.84600000000006,-10.2595,0.0,4.0,99.55927316311138,3.01775436145488,2.93502149328759,2.716431504290481,2.683282193351155,143.26
ZnSO4,36,ZnSO4,[O-]S(=O)(=O)[O-].[Zn+2],MetalSource,161.45299999999997,-1.3404999999999996,0.0,4.0,47.88951059429245,2.7425708162590037,2.4947974649417732,2.061521135753723,2.252334090841016,80.25999999999999
MnSO4,36,MnSO4,O=S(=O)([O-])[O-].[Mn+2],MetalSource,151.00099999999998,-1.3404999999999996,0.0,4.0,45.60180282394836,2.742571238938337,2.707860406089977,2.0501816190145927,2.410923440662274,80.26
Zn(ClO 4 ) 2,34,Zn(ClO4)2,O.Cl[Zn](=O)(=O)OCl,MetalSource,202.308,0.24580000000000007,0.0,3.0,51.6268222886317,3.947143257950926,3.3855490457750017,3.1228466303887914,3.298008283492627,74.87
Cd(ClO4)2·6H2O,32,Cd(ClO4)2·6H2O,O.O.O.O.O.O.O.O.[Cd+2].[O-][Cl](=O)(=O)=O.[O-][Cl](=O)(=O)=O,MetalSource,455.4300000000002,-16.112099999999995,0.0,8.0,128.78390561935205,3.0058086822743775,2.590975242138979,2.736703662096314,2.7077387445096734,436.48
Mn(OAc)4H2O,32,Mn(OAc)4·H2O,O.O.O=C[O-].[Mn+4].[O-]C=O.[O-]C=O.[O-]C=O,MetalSource,271.036,-8.1875,0.0,8.0,94.2317213696157,2.295807899472082,2.295749394232435,0.6762960857515353,0.0,223.51999999999998
Zn(OAC)2·2H2O,32,Zn(CH3COO)2·2H2O,CC(=O)[O-].CC(=O)[O-].O.O.[Zn+2],MetalSource,219.50799999999998,-4.139499999999999,0.0,4.0,76.59625512842176,2.638031984123843,2.519207642147551,2.274621904543574,0.5759533831612321,143.26
La(NO3)3 6H2O,31,La(NO3)3·6H2O,O.O.O.O.O.O.[La+3].[O-][N+](=O)[O-].[O-][N+](=O)[O-].[O-][N+](=O)[O-],MetalSource,433.0080000000002,-5.665499999999996,0.0,9.0,129.5779392778051,2.422517169160193,2.405783843615353,2.100692701990882,1.00286973572755,387.59999999999997
Ni(NO3)2.H2O,29,Ni(NO3)2·H2O,O.[Ni+2].[O-][N+](=O)[O-].[O-][N+](=O)[O-],MetalSource,200.71599999999998,-1.3054000000000001,0.0,6.0,63.71014206343621,2.393135146705145,2.1852939027320346,2.263951703348505,0.07049763421337266,163.9
NiSO4.6H2O,28,NiSO4·6H2O,O.O.O.O.O.O.O.O.[Ni+2].[O-]S(=O)(=O)[O-],MetalSource,298.87600000000003,-7.938099999999993,0.0,4.0,88.89896259875468,2.742570832929897,2.742314138728597,1.9831224716235663,2.436342400756283,332.26
BaCl2 2H2O,28,BaCl2·2H2O,O.O.[Ba+2].[Cl-].[Cl-],MetalSource,244.264,-8.022199999999998,0.0,0.0,83.21231168015422,0.0,0.0,0.0,0.0,63.0
CuCl,27,CuCl2,[Cu+2].[Cl-].[Cl-],MetalSource,134.452,-5.9945,0.0,0.0,42.27028453722331,0.0,0.0,0.0,0.0,0.0
MoO3,27,MoO3,O=[Mo](=O)=O,MetalSource,143.93699999999998,-0.3589,0.0,3.0,28.098908490929016,3.1983699657407882,2.550098379772518,3.0308322100293292,1.5786625598400086,51.21
U(NO3)2·6H2O,27,U(NO3)2·6H2O,O.O.O.O.O.O.O.O.O.O.[U+4].[O-][N+](=O)[O-].[O-][N+](=O)[O-],MetalSource,542.1870000000001,-8.725199999999992,0.0,6.0,126.87025386842039,2.588356500217978,2.5163738738781602,2.369223276999186,0.07749278076346916,447.4
Ag2O,26,Ag2O,[Ag+].[Ag+].[O-2],MetalSource,231.73499999999999,-0.12380000000000001,0.0,0.0,50.11603689490543,0.0,0.0,0.0,0.0,28.5
HgCl2,25,HgCl2,[Hg+2].[Cl-].[Cl-],MetalSource,271.496,-5.9945,0.0,0.0,52.30659235756987,0.0,0.0,0.0,0.0,0.0
Pr(NO3)3 6H2O,25,Pr(NO3)3·6H2O,O.O.O.O.O.O.O.O.O.O.[Pr+3].[O-][N+](=O)[O-].[O-][N+](=O)[O-].[O-][N+](=O)[O-],MetalSource,507.0700000000002,-8.96429999999999,0.0,9.0,156.85222882025192,2.6014421918776587,2.525508422204954,2.387591331723739,0.039801365065070184,513.5999999999999
AgNO3,25,AgNO3,[Ag+].[O-][N+](=O)[O-],MetalSource,169.87199999999999,-0.2416,0.0,3.0,43.4089597409004,2.3801740528408413,2.379524434508479,1.9574324024841074,0.028564023146852118,66.2
CuBr2,24,CuBr2,Br[Cu]Br,MetalSource,223.35399999999998,1.6887,0.0,0.0,39.51938141417545,3.6434151728762614,3.587736584297941,0.8162664920665874,0.0,0.0
EuCl3 6H2O,23,EuCl3·6H2O,O.O.O.O.O.O.O.O.[Eu+3].[Cl-].[Cl-].[Cl-],MetalSource,402.443,-15.585599999999994,0.0,0.0,128.71459847258237,0.0,0.0,0.0,0.0,252.0
Eu2O3,23,Eu2O3,[Eu+3].[Eu+3].[O-2].[O-2].[O-2],MetalSource,351.92500000000007,-0.3564,0.0,0.0,111.89236510057759,0.0,0.0,0.0,0.0,85.5
Tb(NO3)3 6H2O,23,Tb(NO3)3·6H2O,[Tb+3].[O-][N+](=O)[O-].[O-][N+](=O)[O-].[O-][N+](=O)[O-],MetalSource,344.9370000000001,-0.7173000000000003,0.0,9.0,99.52645041365834,2.6089507242098726,2.542284399829613,2.385706985946793,0.11310767622976234,198.6
AgBF4,22,AgBF4,F[B-](F)(F)(F)F.[Ag+],MetalSource,,,,,,,,,,
Ni(ClO4)2 6H2O,22,Ni(ClO4)2·6H2O,O.O.O.O.O.O.O.O.O.O.[Ni+2].[O-][Cl](=O)(=O)=O.[O-][Cl](=O)(=O)=O,MetalSource,437.7410000000001,-17.7615,0.0,8.0,129.5096135223313,3.2986522635069235,2.9852014373374587,2.696074592860084,2.8432386718818212,499.48
Tb(NO3)3,20,Tb(NO3)3,[Tb+3].[O-][N+](=O)[O-].[O-][N+](=O)[O-].[O-][N+](=O)[O-],MetalSource,344.9370000000001,-0.7173000000000003,0.0,9.0,99.52645041365834,2.412730922352535,2.4110189227578864,2.0074518250333906,0.014255844913451794,198.6
LaCl 3,20,LaCl3,[La+3].[Cl-].[Cl-].[Cl-],MetalSource,245.26500000000001,-8.988,0.0,0.0,71.93146108185803,0.0,0.0,0.0,0.0,0.0
FeSO4 7H2O,20,FeSO4·7H2O,O.O.O.O.O.O.O.O.[Fe+2].[O-]S(=O)(=O)[O-],MetalSource,296.0280000000001,-7.938099999999993,0.0,4.0,89.44783025126334,2.742570910050201,2.7251776735138318,2.072154518398772,2.4420325503159472,332.26
Ce(NO 3 ) 3 $6H 2 O,20,Ce(NO3)3·6H2O,O.O.O.O.O.O.O.O.O.O.[Ce+3].[O-][N+](=O)[O-].[O-][N+](=O)[O-].[O-][N+](=O)[O-],MetalSource,506.2780000000002,-8.96429999999999,0.0,9.0,157.2800069255206,2.4644959934507913,2.4498341741203404,2.130556679005077,0.11267140912688467,513.5999999999999
AgClO4,20,AgClO4,[O-]Cl(=O)(=O)=O.[Ag+],MetalSource,207.317,-4.758500000000001,0.0,4.0,51.64530504248327,3.0922381797009764,2.745113381434857,2.6823968543158054,2.8860886240825785,92.24
CuBr,19,CuBr,Br[Cu],MetalSource,143.45,0.8431000000000001,0.0,0.0,28.741739723149962,1.920234197862664,1.920234197862664,0.0,0.0,0.0
HgI2,19,HgI2,I[Hg]I,MetalSource,454.398,1.7689000000000001,0.0,0.0,49.91510955090495,5.441581998033679,5.441562287653222,0.014646191123695411,0.0,0.0
magnesium nitrate,19,Mg(NO3)2,[Mg+2].[O-][N+](=O)[O-].[O-][N+](=O)[O-],MetalSource,148.313,-0.8590000000000002,0.0,6.0,64.45253182340602,2.473546414289235,2.4170232240180214,2.2353605688801066,0.10157128231752802,132.4
FeCl3,19,FeCl3,[Fe+3].[Cl-].[Cl-].[Cl-],MetalSource,162.204,-8.9905,0.0,0.0,54.42337778977272,0.0,0.0,0.0,0.0,0.0
Ca(NO3)2,19,Ca(NO3)2,[N+](=O)([O-])[O-].[N+](=O)([O-])[O-].[Ca+2],MetalSource,164.086,-0.8590000000000002,0.0,6.0,78.29840401053394,2.4934128019494635,2.4414459388396192,2.0014699396002578,0.7987289378389802,132.4
Sm(NO3)·6H2O,19,Sm(NO3)2·6H2O,O.O.O.O.O.O.[Sm+2].[O-][N+](=O)[O-].[O-][N+](=O)[O-],MetalSource,382.4580000000002,-5.4263999999999974,0.0,6.0,113.67349755537717,2.414525772207827,2.375821247256316,2.058318187315786,0.6464027238573613,321.4
NaOH,19,NaOH,[Na+].[OH-],MetalSource,39.997,-3.1728,0.0,1.0,35.262630811030036,0.0,0.0,0.0,0.0,30.0
Mn(NO3)2·H2O,18,Mn(NO3)2·H2O,O.O.O.O.O.[Mn+2].[O-][N+](=O)[O-],MetalSource,207.017,-4.365099999999999,0.0,3.0,65.77494430189937,2.380174555705052,2.3798763238978067,1.9525103891888185,0.014987416964315832,223.7
La 2 O 3,17,La2O3,[La+3].[La+3].[O-2].[O-2].[O-2],MetalSource,325.8090000000001,-0.3564,0.0,0.0,86.01814517375898,0.0,0.0,0.0,0.0,85.5
Sm 2 O 3,16,Sm2O3,[Sm+3].[Sm+3].[O-2].[O-2].[O-2],MetalSource,348.7170000000001,-0.3564,0.0,0.0,95.0234199843092,0.0,0.0,0.0,0.0,85.5
Na2MoO4.2H2O,16,Na2MoO4·2H2O,O.O.[Na+].[Na+].[O-][Mo](=O)(=O)[O-],MetalSource,241.94599999999997,-10.2595,0.0,4.0,99.55927316311138,3.322344949387812,3.2618511270740167,2.3565294951797267,2.9206753256009774,143.26
HgBr2,16,HgBr2,Br[Hg]Br,MetalSource,360.398,1.6887,0.0,0.0,42.92243701193515,5.049117808559589,5.017478005935869,0.5643625649025579,0.0,0.0
NdCl3.6H2O,16,NdCl3·6H2O,O.O.O.O.O.O.O.Cl[Nd]ClCl,MetalSource,376.70399999999995,-3.7044,0.0,0.0,91.62992897794973,3.9470014412339762,3.9204243884375867,1.9289188065378986,1.267401983959638,220.5
Eu(NO3)3,15,Eu(NO3)3,[Eu+3].[N+](=O)([O-])[O-].[N+](=O)([O-])[O-].[N+](=O)([O-])[O-],MetalSource,337.9760000000001,-0.7173000000000003,0.0,9.0,109.63052867072814,2.561471479076484,2.504681948522033,2.321868451191892,0.08359237913410514,198.6
Cu(ClO4)2,15,Cu(ClO4)2,[Cu+2].[O-][Cl](=O)(=O)=O.[O-][Cl](=O)(=O)=O,MetalSource,262.444,-9.5145,0.0,8.0,75.25094689069624,3.2031009924790754,2.61211758882284,3.0108301467303087,2.7729415049640287,184.48
Mn(NO3)2.6H2O,15,Mn(NO3)2·6H2O,O.O.O.O.O.O.[Mn+2].[O-][N+](=O)[O-].[O-][N+](=O)[O-],MetalSource,287.03600000000006,-5.428899999999997,0.0,6.0,91.66277685801676,2.573093780040845,2.5059704680489894,2.348197708856805,0.057200822549097044,321.4
ZnO,15,ZnO,[Zn+2].[O-2],MetalSource,81.389,-0.1213,0.0,0.0,25.732559230882938,0.0,0.0,0.0,0.0,28.5
KOH,14,KOH,[K+].[OH-],MetalSource,56.105000000000004,-3.1728,0.0,1.0,55.771795883680674,0.0,0.0,0.0,0.0,30.0
Nd 2 O 3,14,Nd2O3,O=[Nd]O[Nd]=O,MetalSource,336.47700000000003,-0.306,0.0,3.0,72.09196084148776,7.593712761672715,7.455413456479553,1.3279999650501415,1.5333610541000993,43.370000000000005
FeCl 2,14,FeCl2,Cl[Fe]Cl,MetalSource,126.751,1.3765,0.0,0.0,33.71702314581309,3.0750433508513453,3.0525934889966724,0.8815124899908084,0.0,0.0
CuO,14,CuO,O=[Cu],MetalSource,79.545,-0.1213,0.0,1.0,20.67942235663529,1.7415921453424652,1.7415921453424652,0.0,0.0,17.07
Cobalt chlorine hexahydrate,14,Cl2CoH12O6,O.O.O.O.O.O.[Cl-].[Cl-].[Co+2],MetalSource,237.929,-10.942699999999997,0.0,0.0,74.87921831695135,0.0,0.0,0.0,0.0,189.0
ErCl3·6H2O,14,ErCl3·6H2O,O.O.O.O.O.O.Cl[Er](Cl)Cl,MetalSource,381.70899999999995,-2.8797,0.0,0.0,78.34699348797656,3.6042165551887266,3.229811666184595,3.4782983875922806,0.9654042838508671,189.0
AgCF3SO3,13,AgCF3SO3,FC(F)(F)S(=O)(=O)[O-].[Ag+],MetalSource,256.937,0.0489,0.0,3.0,64.49789609994254,4.023185512604229,2.9338457559941276,2.6645054942449553,2.884973660378006,57.2
Ni(OAc)2 4H2O,13,Ni(OAc)2·4H2O,O.O.O.O.CC(=O)O[Ni]OC(=O)C,MetalSource,248.84099999999995,-3.273699999999999,0.0,4.0,80.8583470673968,35.22029202096622,13.66349314175692,12.448384892119048,31.75689608276224,178.59999999999997
Ni(OAc) 2 ·2H 2 O,13,Ni(OAc)2·2H2O,O.O.O.O=C[O-].[Ni+2].[O-]C=O,MetalSource,202.772,-5.744399999999997,0.0,4.0,66.51054890519015,2.292533987489922,2.292251999577605,0.6766645123492097,0.0,174.76
SrCl 2 ·6H 2 O,13,SrCl2·6H2O,O.O.O.O.O.O.Cl[Sr]Cl,MetalSource,266.616,-3.95,0.0,0.0,79.13015200997124,4.302460891348703,4.302286139175349,1.1307248186651364,0.0,189.0
CdBr2.4H2O,12,CdBr2·4H2O,Br[Cd]Br.[H2O]4,MetalSource,,,,,,,,,,
CdI 2,12,CdI2,I[Cd]I,MetalSource,366.22,1.7689000000000001,0.0,0.0,49.85828813006615,4.313001581196068,4.307058999856243,1.4120730661703709,0.0,0.0
CuSCN,12,CuSCN,N#[C-][S-].[Cu+],MetalSource,,,,,,,,,,
Ag3[Cr(ox)3],12,Ag3Cr(C2O4)3,[Ag+].[Ag+].[Ag+].[Cr+3]([O-]C(=O)C([O-])=O)([O-]C(=O)C([O-])=O)[O-]C(=O)C([O-])=O,MetalSource,639.6540000000002,-10.5514,0.0,12.0,171.91826622846577,7.385708080977938,6.5636075797075915,4.59955589602093,4.955639769663007,205.5
Ni(CHO2)2.H2O,12,Ni(CHO2)2·H2O,O.O.O=C[O-].[Ni+2].[O-]C=O,MetalSource,184.757,-4.919699999999998,0.0,4.0,61.029795476775774,2.292727033725664,2.292436135860682,0.6774313910380813,0.0,143.26
Sr(CO3)2,12,Sr(CO3)2,[Sr+2].[O-]C(=O)[O-].[O-]C(=O)[O-],MetalSource,207.63599999999997,-5.274800000000001,0.0,6.0,86.9979992894192,2.4121086854867864,2.4087202755229615,1.9740430479852695,0.1429710943167053,126.38
Ni(OAc)2·2H2O,11,Ni(OAc)2·2H2O,O.O.O.O=C[O-].[Ni+2].[O-]C=O,MetalSource,202.772,-5.744399999999997,0.0,4.0,66.51054890519015,2.2940795613903813,2.293617986300494,0.6853880472697511,0.0,174.76
Fe(ClO 4 ) 2 6H 2 O,11,Fe(ClO4)2·6H2O,O.O.O.O.O.O.O.O.[Fe+2].[O-][Cl](=O)(=O)=O.[O-][Cl](=O)(=O)=O,MetalSource,398.86300000000017,-16.112099999999995,0.0,8.0,119.0969743180112,3.2341646344257136,2.981852887045484,2.8425811923706683,2.77757965211591,436.48
bpy,494,,C1=CN=CC=C1C2=CC=NC=C2,OrganicLinker,156.188,2.1435999999999993,0.0,2.0,70.92779328745402,7.035240739607895,7.022825977185651,0.50306031179796,2.4807445537802595,25.78
phen,300,,C1=CC2=C(C3=C(C=CC=N3)C=C2)N=C1,OrganicLinker,180.20999999999998,2.7830000000000004,0.0,2.0,81.23402814486039,6.963768998849185,6.859013547751799,3.621833209495488,2.0568119197432493,25.78
"2,20-bpy",205,,C1=CC=NC(=C1)C2=CC=CC=N2,OrganicLinker,156.188,2.1435999999999993,0.0,2.0,70.927793287454,7.039068669936932,7.000053426927094,0.8333758492327321,2.8378296395830684,25.78
H2bdc,185,,C1=CC(=CC=C1C(=O)O)C(=O)O,OrganicLinker,166.13199999999998,1.083,2.0,2.0,68.07279905276974,7.454905517127417,6.923890741762595,4.461355710713595,4.281368282708721,74.6
BTC,140,,C1=C(C=C(C=C1C(=O)O)C(=O)O)C(=O)O,OrganicLinker,210.141,0.7812000000000001,3.0,3.0,83.39349701940613,7.286486597604911,7.110079571780329,6.424486322984592,2.0604214351044536,111.89999999999999
nicotinic acid,112,,C1=CC(=CN=C1)C(=O)O,OrganicLinker,123.11099999999996,0.7797999999999998,1.0,2.0,51.971749067079855,5.084238712488738,5.008645164223445,2.1915468737192905,1.3857283303333805,50.19
pyz,88,,C1=CNN=C1,OrganicLinker,68.079,0.40969999999999995,1.0,1.0,29.828665089862504,2.2182095280709277,2.1654423951117674,2.058073762618406,0.5473279435553048,28.68
imidazol,77,,C1=CN=CN1,OrganicLinker,68.079,0.40969999999999995,1.0,1.0,29.860211521457774,2.2364033019851743,1.6506682449683483,2.184720030217602,1.3201815259049536,28.68
BPP,63,,C1CNCCC1CCCC2CCNCC2,OrganicLinker,210.36499999999998,2.1559,2.0,2.0,94.2066184607465,8.92365003200401,8.829665762861467,3.4939853788648954,2.3537553300146072,24.06
Bpe,55,,C1=CN=CC=C1/C=C/C2=CC=NC=C2,OrganicLinker,182.226,2.6470000000000002,0.0,2.0,82.96807448406297,9.277901994928115,9.263309537579113,2.567516544958604,0.5785738171223561,25.78
Na(dca),52,,C(#N)[N-]C#N.[Na+],OrganicLinker,89.033,-2.67374,0.0,2.0,57.85261431148357,4.431695842072417,4.430786768272714,0.17060199980354063,1.3036764040130513,61.68
H 2 Suc,49,,C(CC(=O)O)C(=O)O,OrganicLinker,118.08799999999998,-0.06420000000000015,2.0,2.0,45.74558907549892,5.574332141413736,5.467590711733007,2.3334194892815683,2.486278896968719,74.6
H2 PDC,38,,C1=CC(=NC(=C1)C(=O)O)C(=O)O,OrganicLinker,167.11999999999998,0.478,2.0,3.0,67.29244703371624,7.117889279075534,7.110573749043649,4.322023645550717,0.27843519593686294,87.49
bpdc,36,,COC(=O)C1=CC=C(C=C1)C2=CC=C(C=C2)C(=O)OC,OrganicLinker,270.284,2.926800000000001,0.0,4.0,116.49840044224874,14.279773664696263,14.235014384953974,2.2451038837102826,2.178656812253713,52.60000000000001
bimb,35,,C1=CC=C2C(=C1)NC=N2,OrganicLinker,118.13899999999998,1.5628999999999995,1.0,1.0,52.541876053192986,4.4488761124801135,4.397273064419728,2.8423314602491727,0.1296555722286713,28.68
NaN 3,33,,C(#N)[N-]C#N.[Na+],OrganicLinker,89.033,-2.67374,0.0,2.0,57.85261431148357,4.431698490217367,3.5843502135372267,1.6257439089456796,2.495963904094795,61.68
KCN,30,,[C-]#N.[K+],OrganicLinker,65.116,-2.89963,0.0,1.0,62.054395404660845,1.1571498316597602,1.1571498316597602,0.0,0.0,23.79
bix,30,,C1=CC(=CC=C1CN2C=CN=C2)CN3C=CN=C3,OrganicLinker,238.294,2.1761999999999997,0.0,4.0,105.55303553753048,8.138921083451773,8.099241266079657,4.023261992548256,3.587381522445373,35.64
H 2 pydc,30,,C1(=CC=C([N]1)C(=O)O)C(=O)O,OrganicLinker,154.101,-0.4586000000000002,2.0,2.0,61.64029827000243,6.989332928529883,5.588456719930361,3.9776364370737696,4.130666426118334,88.7
H2C2O4.2H2O,29,,O=C(O)C(=O)O.O.O,OrganicLinker,126.064,-2.4938,2.0,2.0,43.977211703534465,3.736948054383221,3.080907594642204,0.2197324794469459,2.437129263224108,137.6
Htrz,29,,C1=NC=NN1,OrganicLinker,69.067,-0.19530000000000008,1.0,2.0,29.048313070809012,2.2192389447128957,2.0920844700792554,2.120658156210037,0.46245436972591497,41.57
en,28,,C(CN)N,OrganicLinker,60.09999999999999,-1.0961999999999998,2.0,2.0,25.783974536251588,3.6936856986002473,3.673607941845093,1.009319061592668,0.020757923935099603,52.04
BIB,28,,C1=CC(=CC=C1CN2C=CN=C2)CN3C=CN=C3,OrganicLinker,238.294,2.1761999999999997,0.0,4.0,105.55303553753048,10.585919640718517,10.530584331866901,2.9004104940986557,3.0861698460124662,35.64
"1,2-bis(4-pyridyl)ethane",26,,C1=CN=CC=C1CCC2=CC=NC=C2,OrganicLinker,184.24200000000002,2.2618,0.0,2.0,83.65767751624723,9.123776751567094,9.081334183323925,2.962737291310367,1.369665022731081,25.78
H 2 fdc,26,, C(=C/C(=O)O)\C(=O)O,OrganicLinker,116.07199999999997,-0.28819999999999985,2.0,2.0,45.05598604331467,5.88835414405608,5.393285496834398,2.337898966054279,0.34556403166487004,74.6
H4 BPTC,26,,C1=C(C=C(C=C1C(=O)O)C(=O)O)C2=CC(=CC(=C2)C(=O)O)C(=O)O,OrganicLinker,330.24800000000005,2.1464000000000003,4.0,4.0,133.77128919210654,11.030398260518801,10.382938469379194,7.981620622325062,0.539069380042789,149.2
phthalic acid,25,,C1=CC=C(C(=C1)C(=O)O)C(=O)O,OrganicLinker,166.13199999999998,1.083,2.0,2.0,68.07279905276974,5.56041258752692,4.9010221023982545,4.865616124736977,2.6882715448193464,74.6
H2OBA,23,,C1=CC(=CC=C1C(=O)O)OC2=CC=C(C=C2)C(=O)O,OrganicLinker,258.229,2.8753,2.0,3.0,108.24343848834067,12.492628086564904,12.24937219342442,2.2410310740813593,4.789433123896858,83.83
py,23,,C1=CN=CC=N1,OrganicLinker,80.09,0.4765999999999999,0.0,2.0,35.870699081389986,2.749361336340193,2.56496410443167,2.6959768215473376,0.20799767887018394,25.78
Squaric acid,22,,C(=C/C(=O)O)\C(=O)O,OrganicLinker,116.07199999999997,-0.28819999999999985,2.0,2.0,45.05598604331467,5.88835401471509,5.59688417079558,0.1663294093276205,2.622453272680657,74.6
"imidazole-4,5-dicarboxylic acid",22,,C1=NC(=C(N1)C(=O)O)C(=O)O,OrganicLinker,156.09699999999998,-0.19390000000000007,3.0,3.0,60.50160745473054,6.032085823122057,5.376439570546948,4.463622581439182,2.638695254045578,103.28000000000002
H 2 adp,21,,C(CCC(=O)O)CC(=O)O,OrganicLinker,146.142,0.716,2.0,2.0,58.475473304292144,7.662574098927039,7.371763656551945,2.1766188721283055,2.3914299332622644,74.6
DABCO,20,,C1CN2CCN1CC2,OrganicLinker,112.176,-0.3824000000000001,0.0,2.0,50.071966633160855,2.8428443688243643,2.4159471151939096,2.76450447424787,2.273494381299932,6.48
H 2 pda,20,,C1=CC2=C(C3=C1C=CC(=N3)C(=O)O)N=C(C=C2)C(=O)O,OrganicLinker,268.22799999999995,2.1794,2.0,4.0,111.8754240781332,9.583052511651134,9.579644828175912,6.190985049189218,0.18924853533006833,100.38000000000001
Bpa,20,,C1=CN=CC=C1CCC2=CC=NC=C2,OrganicLinker,184.24200000000002,2.2618,0.0,2.0,83.65767751624723,7.0132307370605,6.778367796049733,3.616473114889912,2.050157625768317,25.78
H4BTEC,20,,C1=C(C(=CC(=C1C(=O)O)C(=O)O)C(=O)O)C(=O)O,OrganicLinker,254.14999999999998,0.47940000000000005,4.0,4.0,98.71419498604254,7.53123478379004,7.338657197113099,6.139254238690085,2.5041452436426455,149.2
5-Hydroxyisophthalic acid,20,,C1=C(C=C(C=C1C(=O)O)O)C(=O)O,OrganicLinker,182.131,0.7886,3.0,3.0,72.86703280496575,7.175679849991986,6.824739968771745,5.419010958366535,2.802729278706115,94.83
5nitroisophthalic acid,19,,C1=C(C=C(C=C1C(=O)O)[N+](=O)[O-])C(=O)O,OrganicLinker,211.12899999999996,0.9912000000000001,2.0,4.0,82.72577477526956,7.355201343226779,7.292700889419658,6.587618303463664,0.5819971408268327,117.74
H3BTB,19,,C1=CC(=CC=C1C2=CC(=CC(=C2)C3=CC=C(C=C3)C(=O)O)C4=CC=C(C=C4)C(=O)O)C(=O)O,OrganicLinker,438.4350000000001,5.782200000000005,3.0,3.0,188.5647796375982,14.85970723631352,13.216858335758825,14.766549162650671,1.9051025926689853,111.89999999999999
Na2 C2 O4,19,, C(=O)(C(=O)[O-])[O-].[Na+].[Na+],OrganicLinker,133.998,-9.5058,0.0,4.0,89.84250409212962,3.7369481066691024,2.806541576101571,0.44640490475909955,2.426690790883362,80.26
piperazine,18,,C1CNCCN1,OrganicLinker,86.138,-0.8208,2.0,2.0,37.92797058470623,2.8626453898755493,2.6076254926170996,2.497713901189102,0.785097873739923,24.06
"1,3-bis(4-pyridyl)propane",18,,C1CNCCC1CCCC2CCNCC2,OrganicLinker,210.36499999999998,2.1559,2.0,2.0,94.2066184607465,9.338401474537916,9.252139597946503,2.6414271069584094,2.76109501070824,24.06
hmt,16,,C1N2CN3CN1CN(C2)C3,OrganicLinker,140.19,-1.0197999999999992,0.0,4.0,60.58580282003839,3.374687674004801,3.3095641338588067,3.3662159340555533,3.307316647251581,12.96
H2 NDC,16,,C1=CC2=C(C=CC(=C2)C(=O)O)C=C1C(=O)O,OrganicLinker,216.19199999999998,2.2361999999999993,2.0,2.0,90.75446358450496,9.833321856999756,9.728215525360461,2.890256445491188,2.070519840949504,74.6
Maleic acid,16,,C(=CC(=O)O)C(=O)O,OrganicLinker,116.07199999999997,-0.28819999999999985,2.0,2.0,45.05598604331467,6.008343970871321,5.681408652998172,2.4582782922983855,0.2862422906831389,74.6
pyrazine,16,,C1=CN=CC=N1,OrganicLinker,80.09,0.4765999999999999,0.0,2.0,35.870699081389986,2.7493612800210356,2.554289262116593,2.706438225056676,0.12829890872954236,25.78
"Benzene-1,2,3-tricarboxylic acid",16,,C1=CC(=C(C(=C1)C(=O)O)C(=O)O)C(=O)O,OrganicLinker,210.14099999999996,0.7812000000000001,3.0,3.0,83.39349701940613,7.195976204244232,7.156499436666301,4.406192180100003,3.8667966163267566,111.89999999999999
isophthalic acid,16,,C1=CC(=CC(=C1)C(=O)O)C(=O)O,OrganicLinker,166.13199999999998,1.083,2.0,2.0,68.07279905276974,7.400026562220007,7.377046491470516,4.167568549714616,0.9248499635687593,74.6
H 3 Cit,15,,C/C(=C/C(=O)O)/C(=O)O,OrganicLinker,130.099,0.10189999999999988,2.0,2.0,51.42092815771127,5.46427638769808,4.718160003789231,3.5080619825054034,2.4958476824735563,74.6
18crown-6,15,,C1COCCOCCOCCOCCOCCO1,OrganicLinker,264.3179999999999,0.09960000000000102,0.0,6.0,108.42905450970432,7.359680147239474,7.297934520035971,5.503568824660988,2.3384824670898734,55.38000000000001
salicylaldehyde,15,,C1=CC=C(C(=C1)C=O)O,OrganicLinker,122.12299999999996,1.2046999999999997,1.0,2.0,52.75210108613335,5.089702318554724,5.050994270996619,3.3408972512676547,0.7565008415118493,37.3
benzoic acid,15,,C1=CC(=CC=C1C2=CC=C(C=C2)O)C(=O)O,OrganicLinker,214.21999999999997,2.757400000000001,2.0,2.0,92.60342904439341,10.738378576407445,10.699344113903766,0.4379187863049603,2.6333282499617394,57.53
Glycine,14,,C(C(=O)O)N,OrganicLinker,75.06700000000001,-0.9702999999999999,2.0,2.0,29.39983969147865,3.19132552018725,3.001585499650631,2.0667251541134672,1.3131492128334439,63.31999999999999
H2TDC,14,,COC(=O)C1=CC=C(S1)C(=O)OC,OrganicLinker,200.21499999999997,1.3213,0.0,5.0,79.08166950659617,8.912596012843801,8.792371489252508,3.5053357880835425,2.0117980790391723,52.60000000000001
"1,3-di-4pyridylpropane",14,,C1=CN=CC=C1CCCC2=CC=NC=C2,OrganicLinker,198.26900000000003,2.6519000000000013,0.0,2.0,90.02261963064385,9.42860639385676,9.415576046637675,2.4477790744860712,2.8800487176374814,25.78
"2,4-dichlorophenoxyacetic acid",13,,C1=CC(=C(C=C1Cl)Cl)OCC(=O)O,OrganicLinker,221.03899999999996,2.4567999999999994,1.0,2.0,84.8371208838002,9.319164329010736,9.095490696480246,2.902192278648103,3.681470001639961,46.53
5sulfosalicylic acid dihydrate,13,,C1=CC(=C(C=C1S(=O)(=O)O)C(=O)O)O.O.O,OrganicLinker,254.21599999999995,-1.3123,3.0,4.0,90.13647770519876,7.536176144069664,6.5036051177598715,4.963616919472463,4.036474090964088,174.9
glutaric acid,13,,C(CC(=O)O)CC(=O)O,OrganicLinker,132.115,0.32589999999999975,2.0,2.0,52.11053118989553,4.230597510042991,4.198960709251182,3.1634789791239335,3.3719878039083886,74.6
tib,13,,C1=CN(C=N1)CC2=CC(=CC(=C2)CN3C=CN=C3)CN4C=CN=C4,OrganicLinker,318.384,2.4210000000000003,0.0,6.0,139.61385174654725,10.251230033798537,7.36310668938418,9.104869051167306,5.1487427472559535,53.46
acetylenedicarboxylic acid,13,,C(#CC(=O)O)C(=O)O,OrganicLinker,114.05599999999998,-0.8409999999999997,2.0,2.0,44.74481446735819,5.890733491301238,5.570565299076192,2.064145417351928,2.880279802670265,74.6
"pyridine-2,5dicarboxylic acid",13,,C1=CC(=NC=C1C(=O)O)C(=O)O,OrganicLinker,167.11999999999998,0.478,2.0,3.0,67.29244703371624,7.426767055424374,7.147769270733926,2.4191901330573384,1.1720944763811287,87.49
Benzothiazole,12,,C1=CC=C2C(=C1)N=CS2,OrganicLinker,135.19099999999997,2.2963000000000005,0.0,2.0,56.97307890259018,4.741123647802051,4.687551629609726,2.8511150251280575,0.39264728275973004,12.89
bibp,12,,C1=CC(=CC=C1C2=CC=C(C=C2)C3=NC=CN3)C4=NC=CN4,OrganicLinker,286.33799999999997,4.133800000000003,2.0,2.0,127.46030254161062,14.161846604059336,14.118491811851559,0.9325276514431251,2.662008801781335,57.36
"pyrazine-2,3-dicarboxylic acid",12,,C1=CN=C(C(=N1)C(=O)O)C(=O)O,OrganicLinker,168.10799999999998,-0.127,2.0,4.0,66.51209501466275,5.431691963799886,4.7104930514865435,5.06394001692021,2.6812606973787165,100.38000000000001
chelidamic acid,12,,C1=C(NC(=CC1=O)C(=O)O)C(=O)O,OrganicLinker,183.11899999999997,-0.22869999999999996,3.0,3.0,71.45396913376,7.23127157859665,7.0944759807652815,5.4303937391648285,1.8422759039918082,107.46
4-Carboxyphenoxyacetic acid,12,,C1=CC(=CC=C1CC(=O)O)C(=O)O,OrganicLinker,180.159,1.0119,2.0,2.0,74.43774116716635,7.849528747147926,7.6763760211057495,3.4000044577049944,2.8024303962629094,74.6
Malonic acid,11,,C(C(=O)O)C(=O)O,OrganicLinker,104.06099999999999,-0.4543,2.0,2.0,39.380646961102315,4.189388503507846,4.057155541717289,3.318622736506244,1.4497025043997365,74.6
Citric Acid Monohydrate,11,,C(C(=O)O)C(CC(=O)O)(C(=O)O)O.O,OrganicLinker,210.138,-2.0732,4.0,4.0,77.70621633714231,6.35585470937528,6.012204290864857,4.21649922412677,3.541013724226655,163.63
"1,4-Naphthalenedicarboxylic Acid",11,,C1=CC=C2C(=C1)C(=CC=C2C(=O)O)C(=O)O,OrganicLinker,216.19199999999995,2.2361999999999997,2.0,2.0,90.75446358450498,7.606170437126726,7.312362657477896,5.495235126121607,0.6568757459574293,74.6
H2MIP,10,,CC1=CC(=CC(=C1)C(=O)O)C(=O)O,OrganicLinker,180.159,1.39142,2.0,2.0,74.43774116716635,7.1756381649568395,7.1570553539734565,5.703043786534218,1.193488527845036,74.6
BIM,10,,C1=CN=C(N1)C2=NC=CN2,OrganicLinker,134.142,0.7997999999999998,2.0,2.0,57.3461141294826,5.658992649165389,5.574201349228581,1.2017495245546224,2.1498984834664263,57.36
BBI,10,,C1=CC(=CC=C1C2=CC(=NC(=C2)C3=CC=C(C=C3)C(=O)O)C4=CC=C(C=C4)C(=O)O)C5=CC(=NC(=C5)C6=CC=C(C=C6)C(=O)O)C7=CC=C(C=C7)C(=O)O,OrganicLinker,712.7140000000003,9.271400000000003,4.0,6.0,307.49605618431957,22.20645825184936,18.888583331029533,1.8285461699347976,15.153230507731896,174.97999999999996
diphenic acid,10,,C1=CC=C(C(=C1)C2=CC=CC=C2C(=O)O)C(=O)O,OrganicLinker,242.22999999999996,2.75,2.0,2.0,103.12989325883379,7.08344741156011,6.27905198484951,4.7154271781042905,4.586306908962985,74.6
"Benzene-1,2,4,5-tetracarboxylic acid",10,,C1=C(C(=CC(=C1C(=O)O)C(=O)O)C(=O)O)C(=O)O,OrganicLinker,254.14999999999998,0.47940000000000005,4.0,4.0,98.71419498604254,7.531235544844543,7.005097160817234,5.4956738803193605,1.56614006231982,149.2
4-cyanopyridine,10,,C1=CN=CC=C1C#N,OrganicLinker,104.112,0.9532799999999999,0.0,2.0,47.4085728963088,5.353415038322274,2.3786380032601113,1.0214833476777994,5.279237081425155,36.68
pz,10,,C1=CN=CC=N1 ,OrganicLinker,80.09,0.4765999999999999,0.0,2.0,35.870699081389986,2.749361277308849,2.5694067464507215,2.698538639068321,0.1306244678064264,25.78
2methylimidazole,10,,CC1=NC=CN1,OrganicLinker,82.106,0.7181199999999999,1.0,1.0,36.22515363585439,3.5625648841678994,3.495381222395591,1.9304598573439482,1.16140384105449,28.68
"Biphenyl-3,3',4,4'tetracarboxylic acid",10,,C1=CC2=C(C=C1C3=CC4=C(C=C3)C(=O)OC4=O)C(=O)OC2=O,OrganicLinker,294.218,1.9747999999999997,0.0,6.0,122.80978233527783,11.783348467103934,11.774928834488836,4.941226327904375,0.3604859389614216,86.74000000000001
"4,4′oxybis(benzoic acid)",10,,C1=CC(=CC=C1C2=CC=C(C=C2)O)C(=O)O,OrganicLinker,214.21999999999997,2.757400000000001,2.0,2.0,92.60342904439341,10.738378867095573,10.537197254091195,2.5233209749186374,2.308592042167854,57.53
"2,5-thiophene dicarboxylic acid",10,,C1=C(SC(=C1)C(=O)O)C(=O)O,OrganicLinker,172.16099999999997,1.1445,2.0,3.0,65.71316232318122,7.061245495328805,6.838868049869989,1.9405350331281923,3.389078685530647,74.6
H2SDBA,10,,C1=CC(=CC=C1C(=O)O)S(=O)(=O)C2=CC=C(C=C2)C(=O)O,OrganicLinker,306.295,1.9158000000000002,2.0,4.0,119.75529164062038,11.172048813668955,10.833465562981207,4.211555339901986,6.236540364604718,108.74
suberic acid,10,,C(CCCC(=O)O)CCC(=O)O,OrganicLinker,174.19599999999997,1.4962,2.0,2.0,71.20535753308536,9.479752264964967,9.227576485230262,2.1230203339508575,3.5934053572219575,74.6
"pyridine3,5-dicarboxylic acid",9,,C1=C(C=NC=C1C(=O)O)C(=O)O ,OrganicLinker,167.11999999999998,0.478,2.0,3.0,67.29244703371624,7.280457040636213,7.238828814478833,4.185825937516758,0.9318324002099401,87.49
H2Fum,9,,C(=C/C(=O)O)\C(=O)O,OrganicLinker,116.07199999999997,-0.28819999999999985,2.0,2.0,45.05598604331467,6.008344183011233,5.055343512183494,2.99170087190248,2.632220412877393,74.6
2-aminopyrimidine,9,,C(C(=O)O)NCC(=O)O,OrganicLinker,133.103,-1.2548,3.0,3.0,51.29545125910697,6.324337934142741,6.076288463221026,2.841283152398208,1.70497516847841,86.63000000000001
5-Aminoisophthlic acid,9,,C1=C(C=C(C=C1C(=O)O)N)C(=O)O,OrganicLinker,181.14699999999996,0.6652000000000002,3.0,3.0,73.41268974978246,7.28829935574851,7.267978212669448,5.488537321019897,1.8412352029952093,100.61999999999999
CH 3 COOH,9,,CC(=O)O,OrganicLinker,60.05200000000001,0.09089999999999993,1.0,1.0,24.059948994465934,2.489471754889606,2.378283718379029,1.9610987803277693,1.0213161494338072,37.3
disodium terephthalate,9,,C1=CC(=CC=C1C(=O)[O-])C(=O)[O-].[Na+].[Na+],OrganicLinker,210.09599999999998,-7.5784,0.0,4.0,124.89959829819362,7.546817162649075,7.108458131639167,1.1660612682682046,2.382135391033704,80.25999999999999
"3,5-dinitrosalicylic acid",9,,C1=C(C=C(C(=C1C(=O)O)O)[N+](=O)[O-])[N+](=O)[O-],OrganicLinker,228.11599999999999,0.9068000000000003,2.0,6.0,86.85228628332895,7.333082625343743,6.6972838227485045,7.103401602186927,0.4448237772678847,143.81
BDC,9,,C1=CC(=CC=C1C(=O)O)C(=O)O,OrganicLinker,166.13199999999998,1.083,2.0,2.0,68.07279905276974,7.45490593755633,7.16756902203359,1.5427274385990601,2.956646769449984,74.6
4-aminopyridine,9,,C1=CN=CC=C1N,OrganicLinker,94.117,0.6638000000000001,1.0,2.0,41.990941797456195,4.182356033935367,4.1162291440534124,2.387959406785103,0.8027755351808874,38.91
picolinic acid,9,,C1=CC=NC(=C1)C(=O)O,OrganicLinker,123.11099999999996,0.7797999999999998,1.0,2.0,51.971749067079855,5.102543560006176,4.906809636085923,2.1713378596690767,1.672064429898984,50.19
oPhenanthroline,8,,C1=CC2=C(C3=C(C=CC=N3)C=C2)N=C1.O,OrganicLinker,198.22499999999997,1.9582999999999995,0.0,2.0,86.71478157327476,6.96376889998977,6.96188128694476,3.6088774044109475,0.5852247448821511,57.28
H2O,4886,,O,Solvent,18.015,-0.8247,0.0,0.0,6.84923118831809,,,,,31.5
MeOH,1470,,CO,Solvent,32.042,-0.3915,1.0,1.0,13.533484780025564,1.3938448452526835,1.3938448452526835,0.0,0.0,20.23
EtOH,1008,,CCO,Solvent,46.069,-0.0014000000000000123,1.0,1.0,19.89842689442217,2.375240830746141,2.3750458658140663,0.8518495406279907,0.0,20.23
DMF,1000,,CN(C)C=O,Solvent,73.095,-0.2956000000000001,0.0,1.0,31.390491026869903,3.641143207415796,3.342585137354173,2.33443339909114,0.6082168548267239,20.310000000000002
MeCN,470,,CC#N,Solvent,41.053,0.52988,0.0,1.0,19.496772823694872,2.620150030736349,2.6201223327646,0.012047610380420466,0.0,23.79
ether,133,,CCOCC,Solvent,74.123,1.0428000000000002,0.0,1.0,32.94762260052625,4.751925721623523,4.528931592302623,1.0461362084043455,1.3912796132406426,9.23
acetone,129,,CC(=O)C,Solvent,58.08,0.5952999999999999,0.0,1.0,25.63065735666653,2.5790236512891727,2.5574252173980865,2.1125924027187506,0.07333519085650063,17.07
THF,123,,C(Cl)Cl,Solvent,84.933,1.4215,0.0,0.0,29.3457834815929,2.9034162117485627,2.903414969352691,1.0278784458942356,0.0,0.0
DMA,117,,CC(=O)N(C)C,Solvent,87.122,0.09450000000000003,0.0,1.0,37.75543314126651,3.8809439834958273,3.4800543315054657,0.9049732504709762,2.84656431439795,20.310000000000002
DCM,107,,C1CCCO1,Solvent,72.107,0.7968,0.0,1.0,31.941791446997026,2.3697574024818957,2.284688948380111,2.216933230723174,0.391349887419463,9.23
py,96,,N1C=CC=CC1,Solvent,81.11800000000001,0.6595,1.0,1.0,37.363844451126276,2.8856462226048882,2.7592453840769546,2.4495318827094508,0.9124061470757073,12.03
ammonia,76,,N,Solvent,17.031,0.16199999999999998,1.0,1.0,7.50422812385033,,,,,35.0
CHCl3,75,,C(Cl)(Cl)Cl,Solvent,119.37800000000001,1.9864,0.0,0.0,39.64904970847457,2.9034195499320705,2.8179072663173663,2.7900392177786113,0.60242690992517,0.0
DMSO,62,,CS(=O)C,Solvent,78.13600000000001,-0.005299999999999971,0.0,1.0,28.478447345802074,2.8193913999874094,2.8071869135174152,2.311636569839827,0.7421493094630237,17.07
hexane,55,,CCCCCC,Solvent,86.178,2.5866000000000007,0.0,0.0,40.563961599812586,4.665044326126771,4.613884538729188,1.4310590493556017,1.1979820909352146,0.0
toluene,55,,Cc1ccccc1,Solvent,92.14099999999999,1.99502,0.0,0.0,43.79634523389357,4.2829952434715555,4.279509907758028,2.388893091650427,0.46000391462717727,0.0
NaOH,47,,[OH-].[Na+],Solvent,39.997,-3.1728,0.0,1.0,35.262630811030036,0.0,0.0,0.0,0.0,30.0
HNO3,43,,O=N(=O)O,Solvent,63.01200000000001,-0.34770000000000006,1.0,2.0,21.775556887606736,2.380174543221449,2.380109578508292,1.9391850582616668,0.014132608326603858,63.370000000000005
iPrOH,35,,CC(C)O.CC(C)O,Solvent,120.19199999999998,0.7742,2.0,2.0,51.15826025773384,2.700343507045302,2.5669876146597814,2.5459115184234307,0.49809418961928653,40.46
CH 3 COOH,30,,CC(=O)O,Solvent,60.05200000000001,0.09089999999999993,1.0,1.0,24.059948994465934,2.489471532276944,2.3739796329537386,2.224911706554378,0.19737739774611543,37.3
